329.ring1,-125.0273616,49.67430307,Courtenay--Alberni,59009,British Columbia,NDP-New Democratic Party,-125.272266,49.21570886
329.ring1,-125.0290822,49.67343877,Courtenay--Alberni,59009,British Columbia,NDP-New Democratic Party,-125.272266,49.21570886
329.ring1,-125.0271275,49.67139449,Courtenay--Alberni,59009,British Columbia,NDP-New Democratic Party,-125.272266,49.21570886
329.ring1,-125.0211006,49.67208988,Courtenay--Alberni,59009,British Columbia,NDP-New Democratic Party,-125.272266,49.21570886
329.ring1,-125.0273616,49.67430307,Courtenay--Alberni,59009,British Columbia,NDP-New Democratic Party,-125.272266,49.21570886
259.ring1,-95.91283709,50.13464351,Selkirk--Interlake--Eastman,46010,Manitoba,Conservative,-97.38868226,50.69678629
259.ring1,-95.91956709,50.13576078,Selkirk--Interlake--Eastman,46010,Manitoba,Conservative,-97.38868226,50.69678629
259.ring1,-95.92206082,50.13431868,Selkirk--Interlake--Eastman,46010,Manitoba,Conservative,-97.38868226,50.69678629
259.ring1,-95.91283709,50.13464351,Selkirk--Interlake--Eastman,46010,Manitoba,Conservative,-97.38868226,50.69678629
257.ring1,-99.93452999,49.91165416,Brandon--Souris,46001,Manitoba,Conservative,-100.1668438,49.44395261
257.ring1,-99.93454471,49.91614461,Brandon--Souris,46001,Manitoba,Conservative,-100.1668438,49.44395261
257.ring1,-99.9575182,49.91611727,Brandon--Souris,46001,Manitoba,Conservative,-100.1668438,49.44395261
257.ring1,-99.95765768,49.90965424,Brandon--Souris,46001,Manitoba,Conservative,-100.1668438,49.44395261
257.ring1,-99.96926586,49.90969776,Brandon--Souris,46001,Manitoba,Conservative,-100.1668438,49.44395261
257.ring1,-99.96935122,49.90498925,Brandon--Souris,46001,Manitoba,Conservative,-100.1668438,49.44395261
257.ring1,-99.95774438,49.90494574,Brandon--Souris,46001,Manitoba,Conservative,-100.1668438,49.44395261
257.ring1,-99.95765452,49.90139903,Brandon--Souris,46001,Manitoba,Conservative,-100.1668438,49.44395261
257.ring1,-99.9291937,49.9013182,Brandon--Souris,46001,Manitoba,Conservative,-100.1668438,49.44395261
257.ring1,-99.92962582,49.9026334,Brandon--Souris,46001,Manitoba,Conservative,-100.1668438,49.44395261
257.ring1,-99.9349531,49.90156899,Brandon--Souris,46001,Manitoba,Conservative,-100.1668438,49.44395261
257.ring1,-99.93452999,49.91165416,Brandon--Souris,46001,Manitoba,Conservative,-100.1668438,49.44395261
256.ring2,-98.77967175,51.10925811,Selkirk--Interlake--Eastman,46010,Manitoba,Conservative,-97.38868226,50.69678629
256.ring2,-98.77517501,51.10275708,Selkirk--Interlake--Eastman,46010,Manitoba,Conservative,-97.38868226,50.69678629
256.ring2,-98.76973658,51.10209004,Selkirk--Interlake--Eastman,46010,Manitoba,Conservative,-97.38868226,50.69678629
256.ring2,-98.76428229,51.09894983,Selkirk--Interlake--Eastman,46010,Manitoba,Conservative,-97.38868226,50.69678629
256.ring2,-98.77664967,51.11387444,Selkirk--Interlake--Eastman,46010,Manitoba,Conservative,-97.38868226,50.69678629
256.ring2,-98.77967175,51.10925811,Selkirk--Interlake--Eastman,46010,Manitoba,Conservative,-97.38868226,50.69678629
256.ring1,-98.7349938,51.76976004,Selkirk--Interlake--Eastman,46010,Manitoba,Conservative,-97.38868226,50.69678629
256.ring1,-98.73513022,51.75514595,Selkirk--Interlake--Eastman,46010,Manitoba,Conservative,-97.38868226,50.69678629
256.ring1,-98.87755837,51.75546625,Selkirk--Interlake--Eastman,46010,Manitoba,Conservative,-97.38868226,50.69678629
256.ring1,-98.87764496,51.74040707,Selkirk--Interlake--Eastman,46010,Manitoba,Conservative,-97.38868226,50.69678629
256.ring1,-98.87611037,51.71091266,Selkirk--Interlake--Eastman,46010,Manitoba,Conservative,-97.38868226,50.69678629
256.ring1,-98.8728656,51.71582611,Selkirk--Interlake--Eastman,46010,Manitoba,Conservative,-97.38868226,50.69678629
256.ring1,-98.86822822,51.71269199,Selkirk--Interlake--Eastman,46010,Manitoba,Conservative,-97.38868226,50.69678629
256.ring1,-98.86806282,51.71482276,Selkirk--Interlake--Eastman,46010,Manitoba,Conservative,-97.38868226,50.69678629
256.ring1,-98.86506932,51.71388426,Selkirk--Interlake--Eastman,46010,Manitoba,Conservative,-97.38868226,50.69678629
256.ring1,-98.86423723,51.71141065,Selkirk--Interlake--Eastman,46010,Manitoba,Conservative,-97.38868226,50.69678629
256.ring1,-98.86209761,51.7153554,Selkirk--Interlake--Eastman,46010,Manitoba,Conservative,-97.38868226,50.69678629
256.ring1,-98.85839098,51.71569267,Selkirk--Interlake--Eastman,46010,Manitoba,Conservative,-97.38868226,50.69678629
256.ring1,-98.85819794,51.71260837,Selkirk--Interlake--Eastman,46010,Manitoba,Conservative,-97.38868226,50.69678629
256.ring1,-98.85484143,51.71216371,Selkirk--Interlake--Eastman,46010,Manitoba,Conservative,-97.38868226,50.69678629
256.ring1,-98.8528792,51.71470583,Selkirk--Interlake--Eastman,46010,Manitoba,Conservative,-97.38868226,50.69678629
256.ring1,-98.84763575,51.71577811,Selkirk--Interlake--Eastman,46010,Manitoba,Conservative,-97.38868226,50.69678629
256.ring1,-98.84354302,51.71050377,Selkirk--Interlake--Eastman,46010,Manitoba,Conservative,-97.38868226,50.69678629
256.ring1,-98.84470742,51.70859915,Selkirk--Interlake--Eastman,46010,Manitoba,Conservative,-97.38868226,50.69678629
256.ring1,-98.83999441,51.7071452,Selkirk--Interlake--Eastman,46010,Manitoba,Conservative,-97.38868226,50.69678629
256.ring1,-98.83775985,51.69664015,Selkirk--Interlake--Eastman,46010,Manitoba,Conservative,-97.38868226,50.69678629
256.ring1,-98.83400299,51.70317167,Selkirk--Interlake--Eastman,46010,Manitoba,Conservative,-97.38868226,50.69678629
256.ring1,-98.82672553,51.69520375,Selkirk--Interlake--Eastman,46010,Manitoba,Conservative,-97.38868226,50.69678629
256.ring1,-98.8232969,51.69509974,Selkirk--Interlake--Eastman,46010,Manitoba,Conservative,-97.38868226,50.69678629
256.ring1,-98.81883764,51.68860113,Selkirk--Interlake--Eastman,46010,Manitoba,Conservative,-97.38868226,50.69678629
256.ring1,-98.81853985,51.68348453,Selkirk--Interlake--Eastman,46010,Manitoba,Conservative,-97.38868226,50.69678629
256.ring1,-98.81207431,51.67294537,Selkirk--Interlake--Eastman,46010,Manitoba,Conservative,-97.38868226,50.69678629
256.ring1,-98.81929285,51.67236324,Selkirk--Interlake--Eastman,46010,Manitoba,Conservative,-97.38868226,50.69678629
256.ring1,-98.82626283,51.67623109,Selkirk--Interlake--Eastman,46010,Manitoba,Conservative,-97.38868226,50.69678629
256.ring1,-98.82723595,51.67135018,Selkirk--Interlake--Eastman,46010,Manitoba,Conservative,-97.38868226,50.69678629
256.ring1,-98.82001276,51.65857141,Selkirk--Interlake--Eastman,46010,Manitoba,Conservative,-97.38868226,50.69678629
256.ring1,-98.81444183,51.65980357,Selkirk--Interlake--Eastman,46010,Manitoba,Conservative,-97.38868226,50.69678629
256.ring1,-98.80892435,51.65858088,Selkirk--Interlake--Eastman,46010,Manitoba,Conservative,-97.38868226,50.69678629
256.ring1,-98.80501567,51.65308064,Selkirk--Interlake--Eastman,46010,Manitoba,Conservative,-97.38868226,50.69678629
256.ring1,-98.80507902,51.64842315,Selkirk--Interlake--Eastman,46010,Manitoba,Conservative,-97.38868226,50.69678629
256.ring1,-98.81104467,51.64930508,Selkirk--Interlake--Eastman,46010,Manitoba,Conservative,-97.38868226,50.69678629
256.ring1,-98.81774686,51.65400923,Selkirk--Interlake--Eastman,46010,Manitoba,Conservative,-97.38868226,50.69678629
256.ring1,-98.81255428,51.64424529,Selkirk--Interlake--Eastman,46010,Manitoba,Conservative,-97.38868226,50.69678629
256.ring1,-98.80930133,51.64453675,Selkirk--Interlake--Eastman,46010,Manitoba,Conservative,-97.38868226,50.69678629
256.ring1,-98.80883547,51.6419015,Selkirk--Interlake--Eastman,46010,Manitoba,Conservative,-97.38868226,50.69678629
256.ring1,-98.80597342,51.64543945,Selkirk--Interlake--Eastman,46010,Manitoba,Conservative,-97.38868226,50.69678629
256.ring1,-98.80362005,51.64488706,Selkirk--Interlake--Eastman,46010,Manitoba,Conservative,-97.38868226,50.69678629
256.ring1,-98.80151486,51.6404507,Selkirk--Interlake--Eastman,46010,Manitoba,Conservative,-97.38868226,50.69678629
256.ring1,-98.80593696,51.64044009,Selkirk--Interlake--Eastman,46010,Manitoba,Conservative,-97.38868226,50.69678629
256.ring1,-98.79894192,51.63079841,Selkirk--Interlake--Eastman,46010,Manitoba,Conservative,-97.38868226,50.69678629
256.ring1,-98.79679455,51.6328268,Selkirk--Interlake--Eastman,46010,Manitoba,Conservative,-97.38868226,50.69678629
256.ring1,-98.79345818,51.63255124,Selkirk--Interlake--Eastman,46010,Manitoba,Conservative,-97.38868226,50.69678629
256.ring1,-98.79188832,51.62513943,Selkirk--Interlake--Eastman,46010,Manitoba,Conservative,-97.38868226,50.69678629
256.ring1,-98.79873413,51.62552002,Selkirk--Interlake--Eastman,46010,Manitoba,Conservative,-97.38868226,50.69678629
256.ring1,-98.80027115,51.62421888,Selkirk--Interlake--Eastman,46010,Manitoba,Conservative,-97.38868226,50.69678629
256.ring1,-98.79777906,51.61288524,Selkirk--Interlake--Eastman,46010,Manitoba,Conservative,-97.38868226,50.69678629
256.ring1,-98.78679032,51.59706759,Selkirk--Interlake--Eastman,46010,Manitoba,Conservative,-97.38868226,50.69678629
256.ring1,-98.77856001,51.59135169,Selkirk--Interlake--Eastman,46010,Manitoba,Conservative,-97.38868226,50.69678629
256.ring1,-98.76685395,51.59395455,Selkirk--Interlake--Eastman,46010,Manitoba,Conservative,-97.38868226,50.69678629
256.ring1,-98.76233674,51.59092432,Selkirk--Interlake--Eastman,46010,Manitoba,Conservative,-97.38868226,50.69678629
256.ring1,-98.75819165,51.59132948,Selkirk--Interlake--Eastman,46010,Manitoba,Conservative,-97.38868226,50.69678629
256.ring1,-98.74984724,51.58094466,Selkirk--Interlake--Eastman,46010,Manitoba,Conservative,-97.38868226,50.69678629
256.ring1,-98.74391547,51.58353942,Selkirk--Interlake--Eastman,46010,Manitoba,Conservative,-97.38868226,50.69678629
256.ring1,-98.73648554,51.58321141,Selkirk--Interlake--Eastman,46010,Manitoba,Conservative,-97.38868226,50.69678629
256.ring1,-98.73233654,51.58034303,Selkirk--Interlake--Eastman,46010,Manitoba,Conservative,-97.38868226,50.69678629
256.ring1,-98.724995,51.58811833,Selkirk--Interlake--Eastman,46010,Manitoba,Conservative,-97.38868226,50.69678629
256.ring1,-98.71164694,51.58751084,Selkirk--Interlake--Eastman,46010,Manitoba,Conservative,-97.38868226,50.69678629
256.ring1,-98.70704954,51.58868137,Selkirk--Interlake--Eastman,46010,Manitoba,Conservative,-97.38868226,50.69678629
256.ring1,-98.70688841,51.58726046,Selkirk--Interlake--Eastman,46010,Manitoba,Conservative,-97.38868226,50.69678629
256.ring1,-98.70069853,51.58736509,Selkirk--Interlake--Eastman,46010,Manitoba,Conservative,-97.38868226,50.69678629
256.ring1,-98.70154961,51.60045783,Selkirk--Interlake--Eastman,46010,Manitoba,Conservative,-97.38868226,50.69678629
256.ring1,-98.69595816,51.59664152,Selkirk--Interlake--Eastman,46010,Manitoba,Conservative,-97.38868226,50.69678629
256.ring1,-98.6935511,51.59753561,Selkirk--Interlake--Eastman,46010,Manitoba,Conservative,-97.38868226,50.69678629
256.ring1,-98.68895951,51.59312672,Selkirk--Interlake--Eastman,46010,Manitoba,Conservative,-97.38868226,50.69678629
256.ring1,-98.67938069,51.59710029,Selkirk--Interlake--Eastman,46010,Manitoba,Conservative,-97.38868226,50.69678629
256.ring1,-98.69210592,51.60636509,Selkirk--Interlake--Eastman,46010,Manitoba,Conservative,-97.38868226,50.69678629
256.ring1,-98.68501655,51.61034401,Selkirk--Interlake--Eastman,46010,Manitoba,Conservative,-97.38868226,50.69678629
256.ring1,-98.6835096,51.61729946,Selkirk--Interlake--Eastman,46010,Manitoba,Conservative,-97.38868226,50.69678629
256.ring1,-98.6695323,51.62466998,Selkirk--Interlake--Eastman,46010,Manitoba,Conservative,-97.38868226,50.69678629
256.ring1,-98.65711157,51.63961433,Selkirk--Interlake--Eastman,46010,Manitoba,Conservative,-97.38868226,50.69678629
256.ring1,-98.63486937,51.6424159,Selkirk--Interlake--Eastman,46010,Manitoba,Conservative,-97.38868226,50.69678629
256.ring1,-98.63608923,51.64457733,Selkirk--Interlake--Eastman,46010,Manitoba,Conservative,-97.38868226,50.69678629
256.ring1,-98.64250386,51.64670106,Selkirk--Interlake--Eastman,46010,Manitoba,Conservative,-97.38868226,50.69678629
256.ring1,-98.64313128,51.64962522,Selkirk--Interlake--Eastman,46010,Manitoba,Conservative,-97.38868226,50.69678629
256.ring1,-98.65035701,51.64979081,Selkirk--Interlake--Eastman,46010,Manitoba,Conservative,-97.38868226,50.69678629
256.ring1,-98.65623353,51.65826919,Selkirk--Interlake--Eastman,46010,Manitoba,Conservative,-97.38868226,50.69678629
256.ring1,-98.65497491,51.6602886,Selkirk--Interlake--Eastman,46010,Manitoba,Conservative,-97.38868226,50.69678629
256.ring1,-98.66581802,51.66224414,Selkirk--Interlake--Eastman,46010,Manitoba,Conservative,-97.38868226,50.69678629
256.ring1,-98.67015363,51.66050305,Selkirk--Interlake--Eastman,46010,Manitoba,Conservative,-97.38868226,50.69678629
256.ring1,-98.67314057,51.66330776,Selkirk--Interlake--Eastman,46010,Manitoba,Conservative,-97.38868226,50.69678629
256.ring1,-98.66970945,51.66392755,Selkirk--Interlake--Eastman,46010,Manitoba,Conservative,-97.38868226,50.69678629
256.ring1,-98.67314476,51.66875661,Selkirk--Interlake--Eastman,46010,Manitoba,Conservative,-97.38868226,50.69678629
256.ring1,-98.67649517,51.66936833,Selkirk--Interlake--Eastman,46010,Manitoba,Conservative,-97.38868226,50.69678629
256.ring1,-98.67776866,51.67330111,Selkirk--Interlake--Eastman,46010,Manitoba,Conservative,-97.38868226,50.69678629
256.ring1,-98.68101083,51.67290533,Selkirk--Interlake--Eastman,46010,Manitoba,Conservative,-97.38868226,50.69678629
256.ring1,-98.68463132,51.67633187,Selkirk--Interlake--Eastman,46010,Manitoba,Conservative,-97.38868226,50.69678629
256.ring1,-98.68293052,51.67964515,Selkirk--Interlake--Eastman,46010,Manitoba,Conservative,-97.38868226,50.69678629
256.ring1,-98.6877049,51.67733814,Selkirk--Interlake--Eastman,46010,Manitoba,Conservative,-97.38868226,50.69678629
256.ring1,-98.69051145,51.67935066,Selkirk--Interlake--Eastman,46010,Manitoba,Conservative,-97.38868226,50.69678629
256.ring1,-98.69071176,51.68604085,Selkirk--Interlake--Eastman,46010,Manitoba,Conservative,-97.38868226,50.69678629
256.ring1,-98.68709549,51.6881173,Selkirk--Interlake--Eastman,46010,Manitoba,Conservative,-97.38868226,50.69678629
256.ring1,-98.68520467,51.68750083,Selkirk--Interlake--Eastman,46010,Manitoba,Conservative,-97.38868226,50.69678629
256.ring1,-98.68286653,51.69087533,Selkirk--Interlake--Eastman,46010,Manitoba,Conservative,-97.38868226,50.69678629
256.ring1,-98.67644264,51.68891566,Selkirk--Interlake--Eastman,46010,Manitoba,Conservative,-97.38868226,50.69678629
256.ring1,-98.67743982,51.69312641,Selkirk--Interlake--Eastman,46010,Manitoba,Conservative,-97.38868226,50.69678629
256.ring1,-98.66679106,51.69515573,Selkirk--Interlake--Eastman,46010,Manitoba,Conservative,-97.38868226,50.69678629
256.ring1,-98.6579259,51.6907784,Selkirk--Interlake--Eastman,46010,Manitoba,Conservative,-97.38868226,50.69678629
256.ring1,-98.65258945,51.69241715,Selkirk--Interlake--Eastman,46010,Manitoba,Conservative,-97.38868226,50.69678629
256.ring1,-98.65105588,51.68865419,Selkirk--Interlake--Eastman,46010,Manitoba,Conservative,-97.38868226,50.69678629
256.ring1,-98.65330393,51.68600835,Selkirk--Interlake--Eastman,46010,Manitoba,Conservative,-97.38868226,50.69678629
256.ring1,-98.65085773,51.68056125,Selkirk--Interlake--Eastman,46010,Manitoba,Conservative,-97.38868226,50.69678629
256.ring1,-98.64779012,51.68259316,Selkirk--Interlake--Eastman,46010,Manitoba,Conservative,-97.38868226,50.69678629
256.ring1,-98.64326436,51.67686092,Selkirk--Interlake--Eastman,46010,Manitoba,Conservative,-97.38868226,50.69678629
256.ring1,-98.64353224,51.67405638,Selkirk--Interlake--Eastman,46010,Manitoba,Conservative,-97.38868226,50.69678629
256.ring1,-98.65075218,51.67360153,Selkirk--Interlake--Eastman,46010,Manitoba,Conservative,-97.38868226,50.69678629
256.ring1,-98.64461167,51.67287278,Selkirk--Interlake--Eastman,46010,Manitoba,Conservative,-97.38868226,50.69678629
256.ring1,-98.64813051,51.67040171,Selkirk--Interlake--Eastman,46010,Manitoba,Conservative,-97.38868226,50.69678629
256.ring1,-98.6434932,51.66492481,Selkirk--Interlake--Eastman,46010,Manitoba,Conservative,-97.38868226,50.69678629
256.ring1,-98.62479301,51.66512489,Selkirk--Interlake--Eastman,46010,Manitoba,Conservative,-97.38868226,50.69678629
256.ring1,-98.60634699,51.65441516,Selkirk--Interlake--Eastman,46010,Manitoba,Conservative,-97.38868226,50.69678629
256.ring1,-98.57514344,51.70803739,Selkirk--Interlake--Eastman,46010,Manitoba,Conservative,-97.38868226,50.69678629
256.ring1,-98.55515526,51.70798353,Selkirk--Interlake--Eastman,46010,Manitoba,Conservative,-97.38868226,50.69678629
256.ring1,-98.55510488,51.71142438,Selkirk--Interlake--Eastman,46010,Manitoba,Conservative,-97.38868226,50.69678629
256.ring1,-98.53771139,51.71133297,Selkirk--Interlake--Eastman,46010,Manitoba,Conservative,-97.38868226,50.69678629
256.ring1,-98.51892208,51.72112322,Selkirk--Interlake--Eastman,46010,Manitoba,Conservative,-97.38868226,50.69678629
256.ring1,-98.50000002,51.72201675,Selkirk--Interlake--Eastman,46010,Manitoba,Conservative,-97.38868226,50.69678629
256.ring1,-98.49819357,51.76220904,Selkirk--Interlake--Eastman,46010,Manitoba,Conservative,-97.38868226,50.69678629
256.ring1,-98.45212998,51.76216791,Selkirk--Interlake--Eastman,46010,Manitoba,Conservative,-97.38868226,50.69678629
256.ring1,-98.45233566,51.75006893,Selkirk--Interlake--Eastman,46010,Manitoba,Conservative,-97.38868226,50.69678629
256.ring1,-98.41679808,51.76472304,Selkirk--Interlake--Eastman,46010,Manitoba,Conservative,-97.38868226,50.69678629
256.ring1,-98.3930659,51.7644482,Selkirk--Interlake--Eastman,46010,Manitoba,Conservative,-97.38868226,50.69678629
256.ring1,-98.39293089,51.76948466,Selkirk--Interlake--Eastman,46010,Manitoba,Conservative,-97.38868226,50.69678629
256.ring1,-98.38126528,51.7697045,Selkirk--Interlake--Eastman,46010,Manitoba,Conservative,-97.38868226,50.69678629
256.ring1,-98.38126081,51.76441076,Selkirk--Interlake--Eastman,46010,Manitoba,Conservative,-97.38868226,50.69678629
256.ring1,-98.37143546,51.76440995,Selkirk--Interlake--Eastman,46010,Manitoba,Conservative,-97.38868226,50.69678629
256.ring1,-98.36815421,51.76823495,Selkirk--Interlake--Eastman,46010,Manitoba,Conservative,-97.38868226,50.69678629
256.ring1,-98.34987626,51.76646288,Selkirk--Interlake--Eastman,46010,Manitoba,Conservative,-97.38868226,50.69678629
256.ring1,-98.34876255,51.77235509,Selkirk--Interlake--Eastman,46010,Manitoba,Conservative,-97.38868226,50.69678629
256.ring1,-98.3450397,51.7762277,Selkirk--Interlake--Eastman,46010,Manitoba,Conservative,-97.38868226,50.69678629
256.ring1,-98.3347831,51.7817628,Selkirk--Interlake--Eastman,46010,Manitoba,Conservative,-97.38868226,50.69678629
256.ring1,-98.33107338,51.78068975,Selkirk--Interlake--Eastman,46010,Manitoba,Conservative,-97.38868226,50.69678629
256.ring1,-98.33245636,51.77636374,Selkirk--Interlake--Eastman,46010,Manitoba,Conservative,-97.38868226,50.69678629
256.ring1,-98.31945739,51.76847564,Selkirk--Interlake--Eastman,46010,Manitoba,Conservative,-97.38868226,50.69678629
256.ring1,-98.31479001,51.76279288,Selkirk--Interlake--Eastman,46010,Manitoba,Conservative,-97.38868226,50.69678629
256.ring1,-98.31268041,51.7671684,Selkirk--Interlake--Eastman,46010,Manitoba,Conservative,-97.38868226,50.69678629
256.ring1,-98.31599514,51.77413815,Selkirk--Interlake--Eastman,46010,Manitoba,Conservative,-97.38868226,50.69678629
256.ring1,-98.30928958,51.77569941,Selkirk--Interlake--Eastman,46010,Manitoba,Conservative,-97.38868226,50.69678629
256.ring1,-98.31252513,51.77929698,Selkirk--Interlake--Eastman,46010,Manitoba,Conservative,-97.38868226,50.69678629
256.ring1,-98.32426375,51.78336624,Selkirk--Interlake--Eastman,46010,Manitoba,Conservative,-97.38868226,50.69678629
256.ring1,-98.3344554,51.79023987,Selkirk--Interlake--Eastman,46010,Manitoba,Conservative,-97.38868226,50.69678629
256.ring1,-98.33827486,51.78783373,Selkirk--Interlake--Eastman,46010,Manitoba,Conservative,-97.38868226,50.69678629
256.ring1,-98.34578458,51.78886481,Selkirk--Interlake--Eastman,46010,Manitoba,Conservative,-97.38868226,50.69678629
256.ring1,-98.34986766,51.78622602,Selkirk--Interlake--Eastman,46010,Manitoba,Conservative,-97.38868226,50.69678629
256.ring1,-98.356382,51.78894128,Selkirk--Interlake--Eastman,46010,Manitoba,Conservative,-97.38868226,50.69678629
256.ring1,-98.35712652,51.78450361,Selkirk--Interlake--Eastman,46010,Manitoba,Conservative,-97.38868226,50.69678629
256.ring1,-98.36083234,51.78591747,Selkirk--Interlake--Eastman,46010,Manitoba,Conservative,-97.38868226,50.69678629
256.ring1,-98.36298316,51.79069459,Selkirk--Interlake--Eastman,46010,Manitoba,Conservative,-97.38868226,50.69678629
256.ring1,-98.36108015,51.79197903,Selkirk--Interlake--Eastman,46010,Manitoba,Conservative,-97.38868226,50.69678629
256.ring1,-98.36150276,51.79798759,Selkirk--Interlake--Eastman,46010,Manitoba,Conservative,-97.38868226,50.69678629
256.ring1,-98.36827035,51.8035089,Selkirk--Interlake--Eastman,46010,Manitoba,Conservative,-97.38868226,50.69678629
256.ring1,-98.36698176,51.80749415,Selkirk--Interlake--Eastman,46010,Manitoba,Conservative,-97.38868226,50.69678629
256.ring1,-98.36217099,51.8102375,Selkirk--Interlake--Eastman,46010,Manitoba,Conservative,-97.38868226,50.69678629
256.ring1,-98.35220283,51.80942773,Selkirk--Interlake--Eastman,46010,Manitoba,Conservative,-97.38868226,50.69678629
256.ring1,-98.35083616,51.81166804,Selkirk--Interlake--Eastman,46010,Manitoba,Conservative,-97.38868226,50.69678629
256.ring1,-98.34286455,51.81121017,Selkirk--Interlake--Eastman,46010,Manitoba,Conservative,-97.38868226,50.69678629
256.ring1,-98.34774634,51.81267596,Selkirk--Interlake--Eastman,46010,Manitoba,Conservative,-97.38868226,50.69678629
256.ring1,-98.35445683,51.8120746,Selkirk--Interlake--Eastman,46010,Manitoba,Conservative,-97.38868226,50.69678629
256.ring1,-98.35996859,51.81416374,Selkirk--Interlake--Eastman,46010,Manitoba,Conservative,-97.38868226,50.69678629
256.ring1,-98.36077204,51.82780976,Selkirk--Interlake--Eastman,46010,Manitoba,Conservative,-97.38868226,50.69678629
256.ring1,-98.59360015,51.82759661,Selkirk--Interlake--Eastman,46010,Manitoba,Conservative,-97.38868226,50.69678629
256.ring1,-98.59383527,51.88578056,Selkirk--Interlake--Eastman,46010,Manitoba,Conservative,-97.38868226,50.69678629
256.ring1,-98.7355859,51.88563269,Selkirk--Interlake--Eastman,46010,Manitoba,Conservative,-97.38868226,50.69678629
256.ring1,-98.7349938,51.76976004,Selkirk--Interlake--Eastman,46010,Manitoba,Conservative,-97.38868226,50.69678629
25.ring1,-71.89667169,45.44205292,Sherbrooke,24073,Quebec,NDP-New Democratic Party,-71.901833,45.40629195
25.ring1,-71.9112112,45.44461487,Sherbrooke,24073,Quebec,NDP-New Democratic Party,-71.901833,45.40629195
25.ring1,-71.91604328,45.44012817,Sherbrooke,24073,Quebec,NDP-New Democratic Party,-71.901833,45.40629195
25.ring1,-71.92144205,45.44278245,Sherbrooke,24073,Quebec,NDP-New Democratic Party,-71.901833,45.40629195
25.ring1,-71.9447671,45.43832701,Sherbrooke,24073,Quebec,NDP-New Democratic Party,-71.901833,45.40629195
25.ring1,-71.95696724,45.43993471,Sherbrooke,24073,Quebec,NDP-New Democratic Party,-71.901833,45.40629195
25.ring1,-71.96869068,45.42448751,Sherbrooke,24073,Quebec,NDP-New Democratic Party,-71.901833,45.40629195
25.ring1,-71.98489453,45.40912192,Sherbrooke,24073,Quebec,NDP-New Democratic Party,-71.901833,45.40629195
25.ring1,-71.98506503,45.38546158,Sherbrooke,24073,Quebec,NDP-New Democratic Party,-71.901833,45.40629195
25.ring1,-71.95942515,45.38414005,Sherbrooke,24073,Quebec,NDP-New Democratic Party,-71.901833,45.40629195
25.ring1,-71.96223368,45.37845921,Sherbrooke,24073,Quebec,NDP-New Democratic Party,-71.901833,45.40629195
25.ring1,-71.96015941,45.37774695,Sherbrooke,24073,Quebec,NDP-New Democratic Party,-71.901833,45.40629195
25.ring1,-71.9594931,45.3730585,Sherbrooke,24073,Quebec,NDP-New Democratic Party,-71.901833,45.40629195
25.ring1,-71.963728,45.36916111,Sherbrooke,24073,Quebec,NDP-New Democratic Party,-71.901833,45.40629195
25.ring1,-71.96507376,45.35962282,Sherbrooke,24073,Quebec,NDP-New Democratic Party,-71.901833,45.40629195
25.ring1,-71.97086095,45.35565234,Sherbrooke,24073,Quebec,NDP-New Democratic Party,-71.901833,45.40629195
25.ring1,-71.96492584,45.35038352,Sherbrooke,24073,Quebec,NDP-New Democratic Party,-71.901833,45.40629195
25.ring1,-71.9541936,45.34897905,Sherbrooke,24073,Quebec,NDP-New Democratic Party,-71.901833,45.40629195
25.ring1,-71.93706571,45.34986466,Sherbrooke,24073,Quebec,NDP-New Democratic Party,-71.901833,45.40629195
25.ring1,-71.92954759,45.36046048,Sherbrooke,24073,Quebec,NDP-New Democratic Party,-71.901833,45.40629195
25.ring1,-71.91401421,45.36038962,Sherbrooke,24073,Quebec,NDP-New Democratic Party,-71.901833,45.40629195
25.ring1,-71.90476719,45.36219834,Sherbrooke,24073,Quebec,NDP-New Democratic Party,-71.901833,45.40629195
25.ring1,-71.90449224,45.36018376,Sherbrooke,24073,Quebec,NDP-New Democratic Party,-71.901833,45.40629195
25.ring1,-71.8763247,45.36053414,Sherbrooke,24073,Quebec,NDP-New Democratic Party,-71.901833,45.40629195
25.ring1,-71.87738759,45.38019948,Sherbrooke,24073,Quebec,NDP-New Democratic Party,-71.901833,45.40629195
25.ring1,-71.8803479,45.3805298,Sherbrooke,24073,Quebec,NDP-New Democratic Party,-71.901833,45.40629195
25.ring1,-71.88182702,45.38570783,Sherbrooke,24073,Quebec,NDP-New Democratic Party,-71.901833,45.40629195
25.ring1,-71.85730584,45.38570856,Sherbrooke,24073,Quebec,NDP-New Democratic Party,-71.901833,45.40629195
25.ring1,-71.8574532,45.39566467,Sherbrooke,24073,Quebec,NDP-New Democratic Party,-71.901833,45.40629195
25.ring1,-71.81892855,45.39485692,Sherbrooke,24073,Quebec,NDP-New Democratic Party,-71.901833,45.40629195
25.ring1,-71.81883312,45.39973646,Sherbrooke,24073,Quebec,NDP-New Democratic Party,-71.901833,45.40629195
25.ring1,-71.80623641,45.39997105,Sherbrooke,24073,Quebec,NDP-New Democratic Party,-71.901833,45.40629195
25.ring1,-71.80255477,45.40827341,Sherbrooke,24073,Quebec,NDP-New Democratic Party,-71.901833,45.40629195
25.ring1,-71.81948842,45.40815504,Sherbrooke,24073,Quebec,NDP-New Democratic Party,-71.901833,45.40629195
25.ring1,-71.82221932,45.45320207,Sherbrooke,24073,Quebec,NDP-New Democratic Party,-71.901833,45.40629195
25.ring1,-71.88414791,45.45322673,Sherbrooke,24073,Quebec,NDP-New Democratic Party,-71.901833,45.40629195
25.ring1,-71.88478255,45.44566215,Sherbrooke,24073,Quebec,NDP-New Democratic Party,-71.901833,45.40629195
25.ring1,-71.89667169,45.44205292,Sherbrooke,24073,Quebec,NDP-New Democratic Party,-71.901833,45.40629195
239.ring1,-80.2463475,43.5785966,Guelph,35032,Ontario,Liberal,-80.23702102,43.53286165
239.ring1,-80.26744289,43.59488863,Guelph,35032,Ontario,Liberal,-80.23702102,43.53286165
239.ring1,-80.27303597,43.5909083,Guelph,35032,Ontario,Liberal,-80.23702102,43.53286165
239.ring1,-80.27516054,43.58624178,Guelph,35032,Ontario,Liberal,-80.23702102,43.53286165
239.ring1,-80.27564191,43.57639151,Guelph,35032,Ontario,Liberal,-80.23702102,43.53286165
239.ring1,-80.27355554,43.5731173,Guelph,35032,Ontario,Liberal,-80.23702102,43.53286165
239.ring1,-80.2765941,43.57075853,Guelph,35032,Ontario,Liberal,-80.23702102,43.53286165
239.ring1,-80.27618842,43.56892497,Guelph,35032,Ontario,Liberal,-80.23702102,43.53286165
239.ring1,-80.27847479,43.56739719,Guelph,35032,Ontario,Liberal,-80.23702102,43.53286165
239.ring1,-80.27960117,43.56871546,Guelph,35032,Ontario,Liberal,-80.23702102,43.53286165
239.ring1,-80.2887438,43.5623784,Guelph,35032,Ontario,Liberal,-80.23702102,43.53286165
239.ring1,-80.29432842,43.56329751,Guelph,35032,Ontario,Liberal,-80.23702102,43.53286165
239.ring1,-80.30345259,43.5566608,Guelph,35032,Ontario,Liberal,-80.23702102,43.53286165
239.ring1,-80.30144029,43.55520819,Guelph,35032,Ontario,Liberal,-80.23702102,43.53286165
239.ring1,-80.31975128,43.54247221,Guelph,35032,Ontario,Liberal,-80.23702102,43.53286165
239.ring1,-80.31773198,43.5409996,Guelph,35032,Ontario,Liberal,-80.23702102,43.53286165
239.ring1,-80.32694356,43.5343729,Guelph,35032,Ontario,Liberal,-80.23702102,43.53286165
239.ring1,-80.3059545,43.52014748,Guelph,35032,Ontario,Liberal,-80.23702102,43.53286165
239.ring1,-80.29754622,43.52340059,Guelph,35032,Ontario,Liberal,-80.23702102,43.53286165
239.ring1,-80.27814847,43.51087282,Guelph,35032,Ontario,Liberal,-80.23702102,43.53286165
239.ring1,-80.27491017,43.51320342,Guelph,35032,Ontario,Liberal,-80.23702102,43.53286165
239.ring1,-80.27302102,43.51228965,Guelph,35032,Ontario,Liberal,-80.23702102,43.53286165
239.ring1,-80.27163683,43.51579043,Guelph,35032,Ontario,Liberal,-80.23702102,43.53286165
239.ring1,-80.26135048,43.52566812,Guelph,35032,Ontario,Liberal,-80.23702102,43.53286165
239.ring1,-80.2520477,43.5178241,Guelph,35032,Ontario,Liberal,-80.23702102,43.53286165
239.ring1,-80.2599065,43.51243719,Guelph,35032,Ontario,Liberal,-80.23702102,43.53286165
239.ring1,-80.2548603,43.50644677,Guelph,35032,Ontario,Liberal,-80.23702102,43.53286165
239.ring1,-80.25335982,43.50020621,Guelph,35032,Ontario,Liberal,-80.23702102,43.53286165
239.ring1,-80.24720692,43.50021031,Guelph,35032,Ontario,Liberal,-80.23702102,43.53286165
239.ring1,-80.24499511,43.49440805,Guelph,35032,Ontario,Liberal,-80.23702102,43.53286165
239.ring1,-80.23353671,43.4964521,Guelph,35032,Ontario,Liberal,-80.23702102,43.53286165
239.ring1,-80.22680449,43.47825721,Guelph,35032,Ontario,Liberal,-80.23702102,43.53286165
239.ring1,-80.20307991,43.4826775,Guelph,35032,Ontario,Liberal,-80.23702102,43.53286165
239.ring1,-80.2017972,43.4816696,Guelph,35032,Ontario,Liberal,-80.23702102,43.53286165
239.ring1,-80.2015644,43.48300421,Guelph,35032,Ontario,Liberal,-80.23702102,43.53286165
239.ring1,-80.18913031,43.4738215,Guelph,35032,Ontario,Liberal,-80.23702102,43.53286165
239.ring1,-80.1533919,43.500527,Guelph,35032,Ontario,Liberal,-80.23702102,43.53286165
239.ring1,-80.2033711,43.53716891,Guelph,35032,Ontario,Liberal,-80.23702102,43.53286165
239.ring1,-80.18563401,43.55036321,Guelph,35032,Ontario,Liberal,-80.23702102,43.53286165
239.ring1,-80.18872077,43.55266932,Guelph,35032,Ontario,Liberal,-80.23702102,43.53286165
239.ring1,-80.1872491,43.55367717,Guelph,35032,Ontario,Liberal,-80.23702102,43.53286165
239.ring1,-80.19678503,43.55982128,Guelph,35032,Ontario,Liberal,-80.23702102,43.53286165
239.ring1,-80.19773932,43.56180956,Guelph,35032,Ontario,Liberal,-80.23702102,43.53286165
239.ring1,-80.19608401,43.56285638,Guelph,35032,Ontario,Liberal,-80.23702102,43.53286165
239.ring1,-80.22424094,43.58353022,Guelph,35032,Ontario,Liberal,-80.23702102,43.53286165
239.ring1,-80.22796299,43.58075071,Guelph,35032,Ontario,Liberal,-80.23702102,43.53286165
239.ring1,-80.23329791,43.58459561,Guelph,35032,Ontario,Liberal,-80.23702102,43.53286165
239.ring1,-80.2438346,43.57692371,Guelph,35032,Ontario,Liberal,-80.23702102,43.53286165
239.ring1,-80.2463475,43.5785966,Guelph,35032,Ontario,Liberal,-80.23702102,43.53286165
